total_variance,variance_percentage
193224.21423721313,0.4208812624982737
